inspection_id,work_order_id,inspected_at,inspector_id,units_inspected,units_passed,units_failed,defect_type,severity,sla_breach
1,1,2021-01-10T09:27:20.676769+00:00,27,634,626,8,material_flaw,minor,False
2,2,2022-09-11T19:25:15.330072+00:00,50,455,453,2,material_flaw,minor,False
3,3,2022-09-02T17:16:38.834719+00:00,4,74,63,11,assembly_error,major,False
4,4,2021-06-17T06:20:48.311953+00:00,8,270,270,0,,minor,False
5,5,2021-10-16T17:51:13.967206+00:00,31,518,508,10,material_flaw,minor,False
6,6,2023-02-27T11:36:33.396275+00:00,8,51,44,7,functional_failure,major,False
7,7,2022-10-06T21:00:59.439207+00:00,31,804,780,24,surface_finish,minor,True
8,8,2022-04-29T02:02:54.638330+00:00,3,220,218,2,material_flaw,minor,False
9,9,2023-01-06T22:21:47.718543+00:00,2,79,62,17,dimensional,critical,False
10,10,2023-06-04T18:07:20.943933+00:00,38,316,312,4,assembly_error,minor,False
11,11,2021-09-03T15:42:45.341856+00:00,48,238,234,4,dimensional,minor,True
12,12,2023-06-29T18:38:42.063900+00:00,50,40,35,5,material_flaw,major,False
13,13,2021-09-09T12:20:14.240103+00:00,19,540,539,1,dimensional,minor,False
14,14,2021-03-31T08:21:19.680812+00:00,18,56,56,0,,minor,False
15,15,2023-11-25T10:32:09.068036+00:00,3,358,346,12,functional_failure,minor,True
16,16,2023-10-19T11:52:46.645560+00:00,12,300,297,3,surface_finish,minor,False
17,17,2021-03-15T05:33:52.173362+00:00,1,6,5,1,surface_finish,critical,False
18,18,2021-03-03T06:35:13.657333+00:00,11,72,72,0,,minor,False
19,19,2022-12-05T07:13:13.951416+00:00,9,21,19,2,functional_failure,major,False
20,20,2021-09-21T04:11:55.911550+00:00,21,118,88,30,dimensional,critical,False
21,21,2021-10-01T16:37:02.396311+00:00,50,119,117,2,functional_failure,minor,False
22,22,2022-06-12T04:34:25.278655+00:00,17,152,150,2,assembly_error,minor,False
23,23,2023-11-09T10:20:43.244669+00:00,21,96,71,25,material_flaw,critical,False
24,24,2021-04-10T10:22:29.116933+00:00,38,40,40,0,,minor,False
25,25,2023-10-17T02:43:15.441867+00:00,31,133,133,0,,minor,False
26,26,2021-12-09T22:57:07.710022+00:00,47,90,89,1,assembly_error,minor,False
27,28,2023-06-23T14:25:46.572641+00:00,11,300,300,0,,minor,False
28,29,2021-01-28T12:53:36.256851+00:00,15,227,219,8,surface_finish,minor,True
29,30,2021-01-08T02:58:01.363887+00:00,38,363,341,22,dimensional,major,True
30,31,2022-05-15T18:16:07.100616+00:00,43,410,404,6,material_flaw,minor,False
31,32,2021-03-02T02:05:00.659720+00:00,12,18,13,5,assembly_error,critical,False
32,33,2022-09-19T17:04:06.805618+00:00,7,744,742,2,material_flaw,minor,False
33,34,2023-11-04T16:47:39.504381+00:00,45,200,199,1,dimensional,minor,False
34,35,2021-09-05T18:35:13.530771+00:00,9,569,563,6,material_flaw,minor,False
35,36,2022-09-04T20:08:28.947132+00:00,17,776,776,0,,minor,False
36,37,2022-01-02T04:56:46.241762+00:00,46,178,175,3,dimensional,minor,False
37,38,2022-05-09T00:36:16.418348+00:00,20,682,669,13,surface_finish,minor,True
38,39,2023-11-15T16:47:09.718779+00:00,39,546,537,9,material_flaw,minor,True
39,40,2023-09-20T16:43:05.246352+00:00,35,248,246,2,surface_finish,minor,False
40,40,2023-09-20T18:24:26.284812+00:00,45,198,196,2,functional_failure,minor,False
41,41,2022-11-04T02:01:00.009869+00:00,19,459,453,6,functional_failure,minor,False
42,42,2022-07-01T08:27:46.267927+00:00,24,90,90,0,,minor,False
43,43,2022-09-13T17:12:10.732610+00:00,1,79,78,1,functional_failure,minor,False
44,44,2021-05-06T15:44:57.441792+00:00,17,229,229,0,,minor,False
45,45,2023-11-23T03:18:52.426665+00:00,46,745,708,37,surface_finish,minor,True
46,46,2022-02-13T06:22:25.809131+00:00,50,81,81,0,,minor,False
47,46,2022-02-13T07:20:19.867261+00:00,43,60,60,0,,minor,False
48,47,2023-11-08T21:33:04.944090+00:00,25,219,217,2,assembly_error,minor,False
49,48,2021-10-29T01:23:06.552284+00:00,38,203,200,3,material_flaw,minor,False
50,49,2023-03-16T13:06:30.441760+00:00,1,155,149,6,material_flaw,minor,False
51,50,2022-04-06T22:30:28.023405+00:00,16,213,211,2,assembly_error,minor,False
52,51,2023-07-26T00:35:22.089755+00:00,23,145,144,1,functional_failure,minor,False
53,52,2023-09-16T06:27:38.020921+00:00,10,136,136,0,,minor,False
54,53,2022-09-19T04:22:13.109077+00:00,21,10,9,1,functional_failure,major,False
55,54,2021-09-10T18:27:35.300580+00:00,44,105,105,0,,minor,False
56,54,2021-09-10T17:19:48.207573+00:00,8,133,133,0,,minor,False
57,55,2021-09-23T20:38:58.965138+00:00,26,485,477,8,functional_failure,minor,True
58,56,2021-04-09T14:42:37.124962+00:00,13,262,259,3,dimensional,minor,False
59,57,2023-04-28T02:29:48.556144+00:00,1,165,165,0,,minor,False
60,58,2022-11-27T20:53:28.650837+00:00,47,309,251,58,functional_failure,critical,False
61,59,2021-09-16T21:09:17.516359+00:00,13,471,464,7,dimensional,minor,True
62,60,2023-08-22T13:13:31.595498+00:00,22,522,512,10,dimensional,minor,False
63,61,2022-11-10T19:28:16.143275+00:00,5,477,469,8,dimensional,minor,False
64,62,2022-03-23T17:03:08.718486+00:00,17,44,31,13,surface_finish,critical,False
65,63,2022-05-30T12:35:13.961422+00:00,27,668,658,10,assembly_error,minor,False
66,64,2021-01-05T15:08:46.318018+00:00,3,300,298,2,dimensional,minor,False
67,65,2023-10-21T16:30:35.179568+00:00,31,70,58,12,dimensional,critical,False
68,66,2023-04-05T20:12:43.668743+00:00,41,116,115,1,functional_failure,minor,False
69,67,2021-09-15T02:25:05.484238+00:00,3,221,220,1,dimensional,minor,False
70,68,2023-07-15T13:34:27.963179+00:00,36,175,142,33,functional_failure,critical,False
71,69,2023-04-14T16:42:57.791894+00:00,42,155,151,4,surface_finish,minor,True
72,70,2023-08-21T10:09:08.777523+00:00,22,472,467,5,dimensional,minor,False
73,71,2022-08-03T19:39:35.026350+00:00,13,280,280,0,,minor,False
74,72,2021-06-22T11:37:34.076743+00:00,33,684,682,2,dimensional,minor,False
75,73,2022-01-10T06:01:02.174471+00:00,8,309,304,5,dimensional,minor,False
76,74,2023-08-20T02:09:40.942537+00:00,39,464,459,5,dimensional,minor,False
77,75,2023-11-07T04:05:32.212639+00:00,47,77,55,22,material_flaw,critical,False
78,76,2021-11-29T05:14:07.906093+00:00,5,321,319,2,functional_failure,minor,False
79,77,2021-10-11T05:29:59.018432+00:00,44,26,18,8,functional_failure,critical,False
80,78,2021-07-08T23:13:36.328596+00:00,17,314,313,1,dimensional,minor,False
81,79,2021-12-18T18:46:23.890867+00:00,49,379,376,3,assembly_error,minor,False
82,80,2022-05-01T15:21:13.965529+00:00,26,493,489,4,material_flaw,minor,False
83,81,2022-12-08T04:59:54.431075+00:00,49,143,142,1,functional_failure,minor,False
84,82,2023-02-06T07:06:02.531825+00:00,28,20,12,8,surface_finish,critical,False
85,83,2022-10-07T16:17:26.348452+00:00,18,187,185,2,material_flaw,minor,False
86,84,2023-12-31T10:01:46.331115+00:00,34,91,90,1,functional_failure,minor,False
87,85,2023-10-23T19:06:48.583193+00:00,33,173,168,5,material_flaw,minor,True
88,86,2021-02-28T07:28:50.082437+00:00,7,274,270,4,material_flaw,minor,False
89,87,2022-04-10T02:47:44.379957+00:00,33,553,553,0,,minor,False
90,88,2021-07-13T06:59:33.039972+00:00,25,71,41,30,surface_finish,critical,False
91,89,2021-07-30T19:35:57.833963+00:00,37,574,569,5,assembly_error,minor,False
92,90,2021-11-13T13:17:57.116071+00:00,49,81,81,0,,minor,False
93,91,2023-09-07T14:19:39.811965+00:00,29,103,103,0,,minor,False
94,92,2022-03-31T03:38:05.651754+00:00,13,515,514,1,material_flaw,minor,False
95,93,2023-10-15T10:24:31.407931+00:00,25,51,30,21,surface_finish,critical,False
96,94,2022-03-16T13:13:53.848131+00:00,47,272,214,58,assembly_error,critical,False
97,95,2022-10-03T00:21:04.911209+00:00,38,289,285,4,assembly_error,minor,False
98,96,2023-04-27T06:11:39.247816+00:00,9,618,610,8,dimensional,minor,False
99,97,2021-08-24T06:31:17.073687+00:00,36,716,709,7,assembly_error,minor,False
100,98,2022-11-06T19:57:37.575831+00:00,13,317,312,5,assembly_error,minor,False
101,99,2022-09-12T02:19:31.485692+00:00,17,85,85,0,,minor,False
102,100,2022-03-04T14:12:59.474033+00:00,5,121,121,0,,minor,False
103,101,2023-08-15T20:19:44.765976+00:00,30,106,84,22,material_flaw,critical,False
104,101,2023-08-15T23:01:11.802771+00:00,6,87,71,16,functional_failure,critical,False
105,102,2021-08-23T19:10:44.077340+00:00,12,102,101,1,surface_finish,minor,False
106,103,2021-05-27T19:36:58.209541+00:00,29,68,61,7,assembly_error,major,False
107,103,2021-05-27T17:46:57.471704+00:00,5,53,48,5,material_flaw,major,False
108,104,2023-09-25T14:19:20.842833+00:00,49,24,24,0,,minor,False
109,105,2021-11-11T09:41:26.379064+00:00,17,100,100,0,,minor,False
110,106,2021-08-25T12:39:58.543360+00:00,7,499,488,11,surface_finish,minor,False
111,107,2021-02-09T06:54:52.177263+00:00,49,170,170,0,,minor,False
112,108,2022-02-04T01:08:34.302392+00:00,46,476,471,5,material_flaw,minor,False
113,109,2022-02-19T08:20:31.832231+00:00,22,307,306,1,functional_failure,minor,False
114,110,2022-10-07T20:24:08.001418+00:00,39,52,52,0,,minor,False
115,111,2023-12-11T04:52:56.493003+00:00,11,274,272,2,assembly_error,minor,False
116,112,2023-05-03T02:45:11.190678+00:00,11,548,546,2,material_flaw,minor,False
117,113,2023-03-29T20:51:24.974945+00:00,29,29,20,9,assembly_error,critical,False
118,114,2021-07-12T03:36:51.620337+00:00,9,258,248,10,material_flaw,minor,True
119,115,2021-04-30T13:36:28.908354+00:00,41,80,59,21,dimensional,critical,False
120,116,2022-02-05T08:51:18.167374+00:00,21,461,455,6,functional_failure,minor,False
121,117,2023-09-22T06:54:33.887755+00:00,43,252,252,0,,minor,False
122,118,2021-03-18T14:44:04.419151+00:00,26,627,624,3,functional_failure,minor,False
123,119,2021-08-02T23:58:00.840874+00:00,2,898,886,12,assembly_error,minor,False
124,120,2022-04-06T06:54:40.339334+00:00,20,115,115,0,,minor,False
125,121,2022-09-18T16:12:48.065236+00:00,16,50,50,0,,minor,True
126,122,2022-04-23T10:37:04.687539+00:00,43,171,73,98,assembly_error,critical,False
127,123,2022-03-30T09:56:19.857777+00:00,36,88,88,0,,minor,False
128,124,2022-03-17T07:11:45.870550+00:00,25,328,221,107,functional_failure,critical,False
129,125,2021-09-07T19:47:09.788388+00:00,34,539,513,26,surface_finish,minor,True
130,126,2023-12-14T16:56:34.371108+00:00,48,115,114,1,assembly_error,minor,False
131,127,2023-03-18T03:40:10.984300+00:00,6,505,496,9,dimensional,minor,False
132,128,2022-10-17T19:10:47.351519+00:00,2,41,41,0,,minor,False
133,129,2021-01-28T07:23:29.762727+00:00,32,111,69,42,assembly_error,critical,False
134,130,2023-04-02T01:53:53.926069+00:00,32,628,621,7,assembly_error,minor,False
135,131,2022-02-12T04:53:01.845086+00:00,34,140,139,1,assembly_error,minor,False
136,132,2023-10-06T20:17:57.246200+00:00,7,85,57,28,material_flaw,critical,False
137,133,2023-04-29T00:50:54.743649+00:00,38,481,480,1,assembly_error,minor,False
138,134,2023-05-26T17:12:09.725301+00:00,35,266,264,2,dimensional,minor,False
139,135,2022-08-31T02:04:08.597521+00:00,12,432,430,2,dimensional,minor,False
140,136,2023-07-01T08:11:54.236472+00:00,41,247,244,3,functional_failure,minor,False
141,137,2021-03-21T16:57:55.173078+00:00,45,125,124,1,surface_finish,minor,False
142,138,2022-08-13T18:19:05.235429+00:00,46,57,47,10,dimensional,critical,False
143,138,2022-08-13T18:00:48.018651+00:00,12,67,53,14,assembly_error,critical,False
144,139,2021-10-02T13:46:55.714964+00:00,28,76,75,1,assembly_error,minor,False
145,140,2022-12-01T16:11:16.503681+00:00,50,759,755,4,dimensional,minor,False
146,141,2022-11-29T12:01:37.870766+00:00,26,116,115,1,assembly_error,minor,False
147,142,2023-04-12T04:54:43.037880+00:00,50,45,45,0,,minor,False
148,143,2021-09-09T09:24:37.985384+00:00,22,104,87,17,material_flaw,critical,False
149,144,2021-06-04T19:12:07.999923+00:00,8,403,403,0,,minor,False
150,145,2022-12-07T05:14:46.356418+00:00,37,70,58,12,functional_failure,critical,False
151,146,2022-03-31T03:03:52.446528+00:00,45,572,534,38,material_flaw,major,True
152,147,2021-09-13T14:28:01.451758+00:00,12,616,607,9,functional_failure,minor,False
153,148,2022-06-03T02:20:39.312651+00:00,50,154,152,2,functional_failure,minor,False
154,149,2021-08-08T10:59:05.899412+00:00,37,496,496,0,,minor,False
155,150,2023-04-06T15:00:14.580538+00:00,50,179,179,0,,minor,False
156,151,2021-07-24T22:54:06.708090+00:00,37,371,367,4,functional_failure,minor,False
157,152,2021-01-16T12:58:30.428551+00:00,45,426,426,0,,minor,False
158,153,2023-07-02T21:32:13.009726+00:00,12,602,596,6,assembly_error,minor,False
159,154,2022-01-04T18:55:36.754364+00:00,45,24,24,0,,minor,False
160,155,2021-02-20T20:56:20.873688+00:00,2,48,48,0,,minor,False
161,156,2023-12-05T14:13:53.036315+00:00,3,290,287,3,assembly_error,minor,False
162,157,2022-12-17T07:28:39.150306+00:00,18,59,57,2,surface_finish,minor,True
163,158,2023-06-04T01:09:56.398124+00:00,27,492,492,0,,minor,False
164,159,2022-10-25T07:12:13.232810+00:00,47,48,36,12,surface_finish,critical,False
165,160,2021-12-25T07:42:52.519774+00:00,28,109,108,1,functional_failure,minor,False
166,161,2022-04-21T20:36:58.391633+00:00,30,204,182,22,dimensional,major,False
167,162,2023-05-25T19:27:44.060188+00:00,28,467,443,24,assembly_error,major,True
168,163,2023-08-01T16:14:15.316321+00:00,15,507,498,9,functional_failure,minor,False
169,164,2023-11-29T05:02:06.403410+00:00,37,898,887,11,dimensional,minor,False
170,165,2021-10-12T22:36:03.159084+00:00,3,191,191,0,,minor,False
171,166,2023-02-25T21:55:29.319249+00:00,3,111,110,1,material_flaw,minor,False
172,167,2021-12-24T08:33:16.967865+00:00,13,371,367,4,surface_finish,minor,False
173,168,2023-11-06T09:55:24.617268+00:00,4,483,481,2,surface_finish,minor,False
174,169,2021-12-03T21:14:04.727559+00:00,49,114,114,0,,minor,False
175,170,2023-02-04T06:58:19.695050+00:00,30,94,66,28,dimensional,critical,False
176,171,2023-04-06T20:22:20.251750+00:00,41,799,796,3,assembly_error,minor,False
177,172,2022-06-27T00:27:26.432555+00:00,43,37,37,0,,minor,False
178,173,2023-03-10T22:01:36.288855+00:00,25,565,565,0,,minor,False
179,174,2021-01-04T16:07:13.644798+00:00,43,128,128,0,,minor,False
180,175,2021-08-18T04:53:07.839798+00:00,3,524,519,5,functional_failure,minor,False
181,176,2021-12-22T20:41:06.034700+00:00,13,117,100,17,dimensional,major,False
182,177,2023-03-16T23:07:00.406814+00:00,36,390,383,7,material_flaw,minor,False
183,178,2023-01-21T04:12:21.844220+00:00,9,203,201,2,surface_finish,minor,False
184,179,2022-05-10T20:22:11.625896+00:00,22,47,24,23,assembly_error,critical,False
185,180,2022-01-12T09:33:59.911256+00:00,26,222,219,3,surface_finish,minor,False
186,181,2023-06-01T21:21:04.743387+00:00,38,193,192,1,assembly_error,minor,False
187,182,2021-05-31T10:38:56.189339+00:00,45,237,163,74,functional_failure,critical,False
188,183,2021-03-07T07:31:58.712931+00:00,46,632,630,2,dimensional,minor,False
189,184,2022-08-14T09:19:00.216575+00:00,31,539,535,4,functional_failure,minor,False
190,185,2023-05-02T07:08:39.800405+00:00,43,185,124,61,material_flaw,critical,False
191,186,2021-11-21T17:07:25.101319+00:00,2,235,220,15,assembly_error,major,True
192,187,2021-09-15T17:28:31.134968+00:00,3,341,336,5,surface_finish,minor,False
193,188,2022-12-12T16:15:45.909662+00:00,35,306,244,62,surface_finish,critical,False
194,189,2022-12-23T04:01:54.535621+00:00,5,171,142,29,surface_finish,critical,False
195,190,2023-12-25T20:26:29.711088+00:00,6,333,329,4,dimensional,minor,False
196,191,2023-01-27T04:03:36.205400+00:00,21,760,742,18,material_flaw,minor,True
197,191,2023-01-27T03:34:03.163125+00:00,12,338,331,7,material_flaw,minor,True
198,192,2023-08-30T08:13:29.037823+00:00,32,133,133,0,,minor,False
199,193,2022-05-23T19:24:03.684704+00:00,46,474,474,0,,minor,False
200,193,2022-05-23T19:04:00.331983+00:00,2,292,292,0,,minor,False
201,194,2022-12-03T21:26:53.526408+00:00,8,160,159,1,material_flaw,minor,True
202,195,2021-01-05T13:36:57.411192+00:00,17,164,164,0,,minor,False
203,196,2023-10-24T08:59:13.045131+00:00,37,117,112,5,dimensional,minor,True
204,197,2023-08-30T07:51:54.864189+00:00,44,204,204,0,,minor,False
205,198,2023-09-14T00:56:28.770391+00:00,40,191,184,7,assembly_error,minor,True
206,199,2022-05-24T10:15:53.294603+00:00,3,396,391,5,material_flaw,minor,False
207,200,2021-03-16T07:07:52.792888+00:00,9,136,136,0,,minor,False
208,201,2021-09-28T00:34:27.066335+00:00,38,553,547,6,surface_finish,minor,False
209,202,2023-05-09T06:53:56.726433+00:00,23,25,21,4,material_flaw,critical,False
210,203,2022-06-18T03:46:00.630341+00:00,21,250,247,3,dimensional,minor,False
211,204,2022-03-02T06:15:58.229201+00:00,40,433,426,7,surface_finish,minor,False
212,205,2022-01-01T04:00:03.677660+00:00,36,330,330,0,,minor,False
213,206,2023-09-05T05:22:11.190529+00:00,4,223,220,3,dimensional,minor,False
214,207,2021-08-22T18:31:53.766855+00:00,11,433,428,5,functional_failure,minor,True
215,208,2023-05-24T13:43:33.644514+00:00,29,710,703,7,material_flaw,minor,False
216,209,2023-06-13T21:50:37.791686+00:00,20,212,212,0,,minor,False
217,210,2022-11-30T12:58:02.490763+00:00,35,134,133,1,assembly_error,minor,False
218,211,2022-08-02T14:57:18.777316+00:00,27,402,394,8,dimensional,minor,True
219,212,2021-07-21T15:55:44.480052+00:00,26,9,7,2,surface_finish,critical,False
220,213,2021-11-13T02:19:31.119882+00:00,8,31,31,0,,minor,False
221,214,2023-04-10T21:17:50.850356+00:00,47,163,139,24,functional_failure,major,False
222,215,2023-08-28T15:48:28.849784+00:00,17,67,67,0,,minor,False
223,216,2022-05-17T16:32:01.867431+00:00,42,202,196,6,functional_failure,minor,True
224,218,2021-08-02T09:10:34.498681+00:00,18,15,14,1,surface_finish,major,False
225,219,2022-12-09T16:23:05.367391+00:00,9,386,383,3,assembly_error,minor,False
226,220,2023-11-26T09:24:54.530446+00:00,48,387,327,60,surface_finish,critical,False
227,221,2021-02-08T01:09:40.684964+00:00,44,689,662,27,assembly_error,minor,True
228,222,2022-09-25T13:22:22.759913+00:00,2,492,484,8,material_flaw,minor,False
229,223,2021-07-05T01:44:34.640660+00:00,1,417,415,2,dimensional,minor,False
230,224,2022-07-29T05:38:17.176692+00:00,28,77,60,17,assembly_error,critical,False
231,225,2023-12-23T06:32:46.762738+00:00,47,176,174,2,surface_finish,minor,False
232,226,2021-04-20T05:37:35.858796+00:00,11,55,55,0,,minor,False
233,227,2023-06-22T12:16:03.110461+00:00,2,604,603,1,assembly_error,minor,False
234,228,2023-04-03T09:45:48.459823+00:00,43,568,561,7,functional_failure,minor,False
235,229,2021-05-04T18:33:34.431404+00:00,12,292,286,6,material_flaw,minor,False
236,230,2022-11-08T08:20:35.860540+00:00,21,95,94,1,surface_finish,minor,False
237,230,2022-11-08T07:39:07.581122+00:00,33,183,181,2,functional_failure,minor,False
238,231,2021-08-15T19:47:28.518727+00:00,5,531,528,3,dimensional,minor,False
239,233,2023-06-13T12:22:16.089841+00:00,11,687,679,8,material_flaw,minor,False
240,234,2023-10-16T09:20:19.282526+00:00,35,613,609,4,material_flaw,minor,False
241,235,2021-07-07T11:38:23.614411+00:00,11,71,71,0,,minor,False
242,236,2022-10-14T17:04:50.938124+00:00,15,169,169,0,,minor,False
243,237,2022-08-17T19:26:07.698445+00:00,41,362,358,4,material_flaw,minor,True
244,238,2021-02-13T10:16:24.826486+00:00,21,248,248,0,,minor,False
245,239,2022-01-23T08:13:36.006542+00:00,13,33,28,5,material_flaw,critical,False
246,240,2022-10-20T15:58:53.283390+00:00,28,54,54,0,,minor,False
247,241,2023-02-03T17:32:30.786202+00:00,16,41,28,13,functional_failure,critical,False
248,242,2021-11-15T18:40:01.662084+00:00,23,212,209,3,dimensional,minor,False
249,243,2022-12-12T13:39:22.347658+00:00,28,57,43,14,assembly_error,critical,False
250,244,2023-03-30T17:31:00.266825+00:00,29,21,21,0,,minor,False
251,245,2022-01-15T05:21:14.124978+00:00,9,37,29,8,material_flaw,critical,False
252,246,2023-11-02T13:35:59.030171+00:00,44,704,701,3,material_flaw,minor,False
253,247,2021-02-11T07:55:01.312625+00:00,6,50,40,10,functional_failure,critical,False
254,248,2021-07-27T02:04:42.533992+00:00,40,475,473,2,functional_failure,minor,False
255,249,2022-11-27T03:53:04.320255+00:00,19,26,26,0,,minor,False
256,249,2022-11-27T05:58:09.556051+00:00,31,55,55,0,,minor,False
257,250,2022-06-23T15:54:07.415633+00:00,17,453,136,317,assembly_error,critical,False
258,251,2021-02-22T07:46:50.113217+00:00,18,43,43,0,,minor,False
259,252,2023-05-17T13:22:11.570460+00:00,37,909,894,15,assembly_error,minor,False
260,252,2023-05-17T13:25:51.598407+00:00,37,350,344,6,dimensional,minor,False
261,253,2021-01-30T03:51:41.182615+00:00,36,257,255,2,surface_finish,minor,False
262,254,2023-06-26T18:50:43.698584+00:00,49,107,86,21,surface_finish,critical,False
263,255,2022-09-10T19:15:21.361275+00:00,4,549,544,5,surface_finish,minor,False
264,256,2021-02-10T06:31:34.629973+00:00,47,52,37,15,surface_finish,critical,False
265,257,2022-09-02T19:00:42.073513+00:00,25,662,649,13,material_flaw,minor,False
266,258,2023-03-10T15:50:58.580108+00:00,15,217,216,1,functional_failure,minor,False
267,259,2022-12-22T23:26:14.587635+00:00,1,158,157,1,functional_failure,minor,False
268,260,2022-01-15T12:23:38.283821+00:00,44,229,227,2,functional_failure,minor,False
269,261,2021-12-19T22:34:20.094310+00:00,46,151,100,51,material_flaw,critical,False
270,262,2023-06-19T02:46:08.739146+00:00,45,190,187,3,surface_finish,minor,False
271,263,2022-02-28T22:10:21.009645+00:00,27,103,103,0,,minor,False
272,264,2023-06-25T10:13:51.354347+00:00,19,371,370,1,assembly_error,minor,False
273,265,2021-11-19T03:14:43.195994+00:00,22,692,684,8,surface_finish,minor,False
274,265,2021-11-19T04:57:47.941887+00:00,32,256,254,2,material_flaw,minor,False
275,266,2022-12-08T07:14:07.449416+00:00,42,157,155,2,functional_failure,minor,False
276,267,2023-07-19T01:23:00.023434+00:00,39,207,178,29,dimensional,major,False
277,268,2023-11-25T18:51:42.674452+00:00,41,758,746,12,functional_failure,minor,False
278,269,2023-08-28T23:51:52.404877+00:00,5,155,149,6,assembly_error,minor,True
279,270,2021-02-14T04:34:32.970008+00:00,6,302,298,4,surface_finish,minor,False
280,271,2023-07-06T05:39:00.647739+00:00,19,511,505,6,functional_failure,minor,False
281,272,2022-11-18T04:31:19.915239+00:00,13,361,361,0,,minor,False
282,273,2023-12-30T07:27:53.281342+00:00,36,588,578,10,material_flaw,minor,True
283,274,2022-11-02T11:46:11.302978+00:00,4,370,365,5,surface_finish,minor,False
284,275,2021-11-01T10:38:06.366079+00:00,35,815,808,7,assembly_error,minor,False
285,276,2021-12-02T01:18:10.449128+00:00,33,81,78,3,dimensional,minor,True
286,277,2022-03-03T05:32:26.400884+00:00,28,631,631,0,,minor,False
287,278,2023-09-28T12:31:03.891602+00:00,2,60,47,13,material_flaw,critical,False
288,279,2021-02-11T10:24:01.250148+00:00,23,704,684,20,dimensional,minor,True
289,280,2021-04-14T19:30:43.960437+00:00,41,117,86,31,functional_failure,critical,False
290,281,2021-02-22T09:07:51.482066+00:00,25,372,367,5,surface_finish,minor,False
291,282,2021-07-22T14:07:33.192916+00:00,15,523,515,8,assembly_error,minor,False
292,283,2023-06-17T09:28:10.849456+00:00,1,536,534,2,functional_failure,minor,False
293,284,2023-11-16T20:44:13.920945+00:00,23,375,366,9,surface_finish,minor,True
294,285,2021-04-04T16:53:57.236148+00:00,4,125,125,0,,minor,False
295,286,2023-05-30T10:31:46.309579+00:00,12,239,238,1,dimensional,minor,False
296,287,2021-03-27T23:35:31.316673+00:00,7,439,432,7,material_flaw,minor,False
297,288,2023-01-22T12:18:58.136318+00:00,32,663,659,4,dimensional,minor,False
298,288,2023-01-22T11:11:13.818129+00:00,37,708,705,3,surface_finish,minor,False
299,289,2021-01-23T17:33:59.300170+00:00,45,509,506,3,surface_finish,minor,False
300,290,2021-06-09T20:18:13.692091+00:00,7,54,44,10,functional_failure,critical,False
301,291,2022-11-04T03:39:07.464093+00:00,5,316,313,3,functional_failure,minor,False
302,292,2022-10-29T13:35:30.563156+00:00,1,150,150,0,,minor,False
303,293,2021-06-08T20:34:37.582801+00:00,18,270,268,2,dimensional,minor,False
304,294,2022-02-11T01:20:21.659191+00:00,4,44,42,2,surface_finish,minor,True
305,295,2023-08-22T03:25:03.784164+00:00,8,218,215,3,dimensional,minor,False
306,296,2021-12-07T16:16:28.229921+00:00,19,89,89,0,,minor,False
307,297,2021-06-22T23:03:54.497732+00:00,24,665,653,12,functional_failure,minor,False
308,298,2023-10-08T06:33:06.027219+00:00,26,195,173,22,assembly_error,major,False
309,299,2021-10-16T13:42:55.619767+00:00,13,109,77,32,functional_failure,critical,False
310,300,2021-04-11T16:36:54.294810+00:00,27,136,136,0,,minor,False
311,301,2022-08-02T17:31:01.973856+00:00,44,758,750,8,assembly_error,minor,False
312,302,2021-03-26T00:32:30.100636+00:00,11,80,80,0,,minor,True
313,303,2021-05-28T07:59:05.559342+00:00,50,59,51,8,dimensional,major,False
314,304,2021-05-26T07:21:54.659022+00:00,6,152,152,0,,minor,False
315,305,2023-10-15T18:57:55.187344+00:00,1,496,470,26,material_flaw,major,True
316,305,2023-10-15T21:07:18.535930+00:00,50,281,265,16,dimensional,major,True
317,306,2021-10-06T15:12:51.362850+00:00,39,499,496,3,functional_failure,minor,False
318,307,2022-02-20T15:44:15.710563+00:00,6,287,282,5,assembly_error,minor,False
319,308,2021-07-17T01:28:24.751136+00:00,13,435,431,4,functional_failure,minor,False
320,309,2023-05-15T06:28:47.313166+00:00,44,564,558,6,dimensional,minor,False
321,310,2023-10-18T11:59:15.405713+00:00,14,88,88,0,,minor,False
322,311,2023-07-04T23:24:37.350869+00:00,3,169,167,2,surface_finish,minor,False
323,312,2023-11-20T05:16:46.743820+00:00,31,341,335,6,functional_failure,minor,False
324,313,2023-02-08T05:39:15.062987+00:00,37,181,112,69,assembly_error,critical,False
325,314,2021-02-25T01:25:03.042426+00:00,4,125,125,0,,minor,False
326,315,2021-10-07T14:37:02.508076+00:00,39,620,620,0,,minor,False
327,315,2021-10-07T13:44:01.264639+00:00,40,612,612,0,,minor,False
328,317,2022-03-14T05:54:58.389717+00:00,36,265,261,4,dimensional,minor,False
329,318,2021-05-20T17:14:08.873017+00:00,12,30,24,6,surface_finish,critical,False
330,319,2023-07-04T17:27:25.480509+00:00,49,47,33,14,surface_finish,critical,False
331,320,2023-04-03T03:17:34.812964+00:00,32,28,28,0,,minor,False
332,321,2021-10-08T05:23:58.903037+00:00,46,312,306,6,material_flaw,minor,False
333,322,2023-03-13T15:00:28.141477+00:00,35,61,61,0,,minor,False
334,323,2022-05-16T23:33:41.927211+00:00,29,253,170,83,surface_finish,critical,False
335,324,2022-07-05T11:33:00.228089+00:00,13,522,516,6,dimensional,minor,False
336,325,2022-06-08T22:07:41.709991+00:00,12,709,708,1,assembly_error,minor,False
337,326,2023-10-19T23:10:24.736998+00:00,35,54,39,15,material_flaw,critical,False
338,328,2022-03-05T16:49:22.491117+00:00,22,689,680,9,material_flaw,minor,False
339,329,2022-03-12T07:44:15.588066+00:00,24,222,218,4,dimensional,minor,False
340,330,2023-08-16T22:01:04.613155+00:00,12,584,576,8,functional_failure,minor,False
341,331,2023-04-19T09:44:09.893237+00:00,10,58,34,24,material_flaw,critical,False
342,332,2022-06-17T13:57:09.600663+00:00,45,133,133,0,,minor,False
343,333,2022-03-21T15:14:17.824277+00:00,3,52,43,9,dimensional,critical,False
344,334,2021-04-27T06:53:06.476708+00:00,4,416,413,3,functional_failure,minor,False
345,335,2023-04-09T04:00:02.756255+00:00,14,165,131,34,material_flaw,critical,False
346,336,2021-06-29T11:04:24.280455+00:00,29,18,15,3,surface_finish,critical,False
347,337,2021-07-18T03:21:52.546927+00:00,22,226,213,13,assembly_error,major,True
348,338,2023-03-28T23:09:02.894223+00:00,36,566,559,7,surface_finish,minor,True
349,339,2022-02-22T10:37:54.285193+00:00,2,161,161,0,,minor,False
350,340,2023-03-11T11:22:38.450913+00:00,4,143,115,28,functional_failure,critical,False
351,341,2021-01-22T12:16:09.141004+00:00,21,826,821,5,dimensional,minor,False
352,341,2021-01-22T13:18:48.675356+00:00,41,767,764,3,assembly_error,minor,False
353,342,2021-11-04T03:22:58.444482+00:00,36,103,103,0,,minor,False
354,343,2021-04-10T09:51:16.855870+00:00,20,72,47,25,material_flaw,critical,False
355,343,2021-04-10T11:30:52.613143+00:00,24,131,99,32,assembly_error,critical,False
356,344,2023-05-02T15:19:01.318741+00:00,47,370,365,5,material_flaw,minor,False
357,345,2023-03-15T01:58:48.955760+00:00,24,324,320,4,material_flaw,minor,False
358,346,2023-02-08T12:17:27.951051+00:00,20,896,891,5,dimensional,minor,False
359,347,2023-01-18T21:20:51.547145+00:00,16,180,178,2,assembly_error,minor,False
360,348,2022-09-10T13:06:57.713261+00:00,29,209,207,2,surface_finish,minor,False
361,349,2022-06-21T01:49:20.803925+00:00,38,288,287,1,assembly_error,minor,False
362,350,2023-11-30T05:47:20.317611+00:00,36,265,262,3,functional_failure,minor,False
363,351,2021-12-19T14:15:18.280808+00:00,39,160,159,1,assembly_error,minor,False
364,352,2022-12-06T15:50:17.704136+00:00,40,248,211,37,functional_failure,major,False
365,353,2021-06-16T14:53:17.697132+00:00,33,142,141,1,assembly_error,minor,False
366,354,2021-10-27T00:41:13.639381+00:00,13,382,377,5,dimensional,minor,False
367,355,2023-12-24T11:14:27.703420+00:00,19,104,83,21,material_flaw,critical,False
368,356,2023-01-20T19:59:27.546715+00:00,35,47,35,12,assembly_error,critical,False
369,357,2022-01-10T15:15:15.056450+00:00,21,665,653,12,dimensional,minor,False
370,358,2023-01-03T03:17:41.492616+00:00,31,401,398,3,functional_failure,minor,False
371,359,2021-03-23T22:16:44.388209+00:00,43,445,441,4,dimensional,minor,False
372,360,2021-10-21T02:04:03.586428+00:00,33,107,106,1,material_flaw,minor,False
373,361,2023-04-08T08:29:57.653298+00:00,36,208,206,2,surface_finish,minor,False
374,362,2021-05-02T17:25:56.448889+00:00,26,471,468,3,material_flaw,minor,False
375,363,2023-06-27T09:30:19.813896+00:00,5,73,65,8,surface_finish,major,False
376,364,2023-05-14T11:44:03.643362+00:00,14,411,409,2,assembly_error,minor,False
377,365,2021-05-30T21:47:01.158075+00:00,35,419,417,2,dimensional,minor,False
378,366,2022-04-19T23:01:48.981396+00:00,24,310,304,6,functional_failure,minor,False
379,367,2021-01-18T22:20:35.349150+00:00,49,490,486,4,dimensional,minor,False
380,368,2023-05-09T01:12:22.649515+00:00,29,51,51,0,,minor,False
381,369,2021-10-29T11:44:44.044522+00:00,6,182,180,2,assembly_error,minor,True
382,370,2021-05-23T00:38:49.427909+00:00,15,379,377,2,assembly_error,minor,False
383,371,2022-04-30T15:19:32.289180+00:00,10,112,112,0,,minor,False
384,372,2023-04-13T17:50:30.559673+00:00,12,432,430,2,surface_finish,minor,False
385,373,2022-06-12T01:01:07.474633+00:00,46,335,335,0,,minor,False
386,374,2022-05-14T16:49:20.137774+00:00,16,164,163,1,surface_finish,minor,False
387,375,2021-10-30T09:27:52.870391+00:00,43,353,350,3,material_flaw,minor,False
388,376,2023-05-05T09:54:44.067674+00:00,27,261,184,77,dimensional,critical,False
389,377,2023-05-27T12:14:40.547888+00:00,10,352,347,5,surface_finish,minor,False
390,378,2021-06-24T09:27:33.486361+00:00,21,179,177,2,material_flaw,minor,False
391,379,2022-03-26T16:11:27.296979+00:00,49,197,195,2,functional_failure,minor,False
392,380,2023-10-04T15:32:51.335300+00:00,1,18,18,0,,minor,False
393,381,2021-10-14T12:11:20.037131+00:00,48,567,560,7,functional_failure,minor,False
394,382,2021-11-16T10:29:00.479084+00:00,12,200,199,1,material_flaw,minor,False
395,383,2022-07-20T06:21:09.646818+00:00,45,637,635,2,functional_failure,minor,False
396,384,2021-12-14T01:39:12.352042+00:00,10,82,81,1,material_flaw,minor,False
397,385,2021-03-03T19:37:31.184257+00:00,20,70,56,14,functional_failure,critical,False
398,386,2022-02-28T18:24:40.227342+00:00,32,334,331,3,functional_failure,minor,False
399,387,2022-09-30T00:32:01.354915+00:00,4,43,43,0,,minor,False
400,388,2021-01-26T20:39:34.025713+00:00,15,867,865,2,surface_finish,minor,False
401,389,2022-07-14T14:27:29.403658+00:00,44,198,191,7,material_flaw,minor,True
402,390,2022-09-06T05:35:17.798988+00:00,35,119,119,0,,minor,False
403,391,2023-08-15T23:35:12.050951+00:00,19,37,37,0,,minor,False
404,392,2022-10-01T16:12:20.032302+00:00,26,77,76,1,material_flaw,minor,False
405,393,2023-12-22T05:19:09.127529+00:00,1,136,135,1,surface_finish,minor,False
406,394,2023-03-25T08:06:38.530910+00:00,5,151,150,1,material_flaw,minor,False
407,395,2022-08-05T10:11:45.440728+00:00,4,236,194,42,material_flaw,critical,False
408,396,2022-08-18T03:20:14.174552+00:00,15,11,10,1,assembly_error,major,False
409,397,2021-09-27T03:04:08.880492+00:00,25,737,729,8,material_flaw,minor,True
410,398,2022-04-15T03:56:26.234332+00:00,45,256,120,136,assembly_error,critical,False
411,399,2023-03-08T09:41:54.071173+00:00,35,518,516,2,dimensional,minor,False
412,400,2023-06-19T13:51:59.422975+00:00,18,91,91,0,,minor,False
413,401,2023-08-16T12:56:47.893601+00:00,11,283,281,2,surface_finish,minor,False
414,402,2022-09-25T13:10:08.771563+00:00,27,180,180,0,,minor,False
415,403,2023-03-22T06:19:59.491954+00:00,39,522,518,4,functional_failure,minor,False
416,404,2022-01-03T15:55:18.576295+00:00,8,299,297,2,assembly_error,minor,False
417,404,2022-01-03T14:50:12.418272+00:00,11,426,423,3,dimensional,minor,False
418,405,2021-03-28T12:04:53.433848+00:00,29,232,218,14,dimensional,major,False
419,406,2022-01-12T16:20:52.915048+00:00,46,685,685,0,,minor,False
420,407,2023-02-16T08:06:22.470252+00:00,26,342,337,5,functional_failure,minor,False
421,408,2022-10-15T13:42:00.875089+00:00,14,217,165,52,dimensional,critical,False
422,409,2023-06-27T03:47:05.887101+00:00,47,103,103,0,,minor,False
423,410,2023-09-15T19:48:55.702528+00:00,26,151,150,1,assembly_error,minor,False
424,411,2022-03-28T03:19:37.288719+00:00,21,192,192,0,,minor,False
425,412,2022-07-05T04:27:54.039020+00:00,39,83,83,0,,minor,False
426,413,2023-05-10T19:00:05.201440+00:00,21,383,378,5,material_flaw,minor,False
427,413,2023-05-10T20:20:24.424450+00:00,35,580,573,7,surface_finish,minor,False
428,414,2022-07-09T15:30:56.006083+00:00,49,32,32,0,,minor,False
429,415,2022-05-03T22:06:59.334848+00:00,41,222,222,0,,minor,False
430,416,2023-04-04T02:52:37.060162+00:00,43,187,184,3,functional_failure,minor,True
431,417,2021-05-21T18:20:41.873123+00:00,45,49,35,14,surface_finish,critical,False
432,418,2021-06-07T05:47:56.957702+00:00,19,417,415,2,material_flaw,minor,False
433,419,2022-11-27T15:05:24.252280+00:00,19,223,196,27,assembly_error,major,False
434,420,2023-03-12T18:21:20.778294+00:00,30,55,42,13,functional_failure,critical,False
435,421,2023-07-23T22:40:07.205902+00:00,6,71,71,0,,minor,False
436,422,2022-02-09T14:08:43.546824+00:00,34,338,337,1,dimensional,minor,False
437,423,2021-12-29T15:17:33.206843+00:00,39,64,64,0,,minor,False
438,424,2021-09-28T16:45:31.587918+00:00,50,58,49,9,functional_failure,critical,False
439,425,2023-01-12T14:38:10.175689+00:00,4,459,454,5,material_flaw,minor,False
440,426,2022-11-01T22:08:47.623775+00:00,49,405,399,6,material_flaw,minor,False
441,427,2022-08-24T17:05:55.862298+00:00,3,46,46,0,,minor,True
442,429,2022-01-10T14:45:43.394839+00:00,45,7,6,1,dimensional,major,False
443,430,2022-06-22T08:27:54.795099+00:00,16,189,189,0,,minor,False
444,431,2022-05-03T05:29:10.267454+00:00,28,338,337,1,material_flaw,minor,False
445,432,2023-12-24T01:54:37.032498+00:00,41,448,447,1,assembly_error,minor,False
446,434,2021-08-03T12:14:17.901972+00:00,12,228,228,0,,minor,False
447,435,2021-02-18T22:24:05.432844+00:00,31,391,385,6,functional_failure,minor,False
448,436,2021-04-25T04:43:30.761600+00:00,38,33,22,11,dimensional,critical,False
449,437,2022-12-14T03:41:12.659384+00:00,18,330,325,5,assembly_error,minor,False
450,438,2021-09-19T13:29:16.896631+00:00,12,518,308,210,assembly_error,critical,False
451,439,2021-11-17T22:31:21.999480+00:00,6,150,148,2,surface_finish,minor,False
452,440,2022-03-29T15:59:32.548545+00:00,40,232,230,2,material_flaw,minor,False
453,441,2023-08-13T06:12:08.797449+00:00,10,258,253,5,material_flaw,minor,False
454,442,2021-05-26T12:56:05.510046+00:00,5,527,522,5,material_flaw,minor,False
455,443,2023-08-21T12:05:54.829754+00:00,26,144,92,52,assembly_error,critical,False
456,444,2022-01-02T03:14:13.927297+00:00,27,80,65,15,assembly_error,critical,False
457,445,2022-03-04T15:11:44.807029+00:00,15,225,187,38,functional_failure,critical,False
458,446,2022-11-04T01:10:27.263009+00:00,4,187,186,1,dimensional,minor,True
459,447,2021-02-18T09:18:04.383939+00:00,25,184,182,2,material_flaw,minor,False
460,448,2021-05-17T01:27:52.904205+00:00,43,135,110,25,dimensional,critical,False
461,449,2021-08-13T08:16:52.181880+00:00,17,82,72,10,assembly_error,major,False
462,450,2021-12-19T22:03:53.090419+00:00,50,398,392,6,assembly_error,minor,False
463,451,2023-08-23T21:19:08.058103+00:00,10,396,376,20,material_flaw,major,True
464,452,2023-05-21T22:55:41.312328+00:00,41,482,482,0,,minor,False
465,453,2021-09-29T14:10:19.351403+00:00,26,107,106,1,dimensional,minor,False
466,454,2022-06-01T07:14:25.640193+00:00,1,138,137,1,dimensional,minor,False
467,455,2023-01-02T04:42:28.293149+00:00,45,23,23,0,,minor,False
468,456,2023-03-19T13:53:35.085008+00:00,1,81,81,0,,minor,False
469,457,2022-02-06T07:27:28.024478+00:00,26,243,182,61,assembly_error,critical,False
470,458,2023-06-13T09:56:05.179938+00:00,27,396,388,8,material_flaw,minor,False
471,459,2023-11-29T02:20:56.129573+00:00,37,57,38,19,dimensional,critical,False
472,460,2022-12-06T12:13:22.737953+00:00,30,103,102,1,functional_failure,minor,False
473,461,2023-09-26T19:02:28.118501+00:00,26,44,34,10,functional_failure,critical,False
474,462,2021-10-20T01:12:32.814739+00:00,20,210,200,10,functional_failure,minor,False
475,463,2023-08-21T19:47:36.730610+00:00,50,326,326,0,,minor,False
476,464,2023-06-07T12:44:16.777471+00:00,24,468,464,4,assembly_error,minor,False
477,465,2023-07-20T22:39:02.254559+00:00,17,543,542,1,assembly_error,minor,False
478,466,2021-08-06T13:20:57.679652+00:00,11,674,659,15,surface_finish,minor,True
479,467,2022-09-04T07:09:23.651309+00:00,29,42,35,7,material_flaw,critical,False
480,468,2022-07-11T19:57:22.583185+00:00,2,414,413,1,surface_finish,minor,False
481,469,2022-05-03T03:33:18.899855+00:00,22,76,76,0,,minor,False
482,470,2023-10-20T19:54:12.524758+00:00,6,35,27,8,surface_finish,critical,False
483,471,2023-07-19T10:04:42.434209+00:00,24,454,448,6,functional_failure,minor,False
484,472,2022-02-12T04:42:20.894308+00:00,13,57,57,0,,minor,False
485,473,2023-08-20T20:28:39.022043+00:00,4,310,226,84,functional_failure,critical,False
486,474,2021-11-13T06:07:51.557879+00:00,47,138,136,2,dimensional,minor,True
487,475,2022-08-08T04:17:47.150704+00:00,8,222,220,2,assembly_error,minor,False
488,476,2022-05-20T17:10:46.381020+00:00,16,183,98,85,dimensional,critical,False
489,477,2022-04-12T22:17:52.370404+00:00,44,97,97,0,,minor,False
490,478,2023-10-05T01:33:18.630943+00:00,30,43,43,0,,minor,True
491,479,2022-05-30T09:02:43.885414+00:00,28,87,65,22,surface_finish,critical,False
492,480,2022-03-04T17:28:40.219524+00:00,30,319,314,5,assembly_error,minor,False
493,481,2023-12-21T22:16:08.753306+00:00,36,215,215,0,,minor,False
494,482,2022-05-05T11:46:55.597559+00:00,38,59,59,0,,minor,False
495,483,2021-09-10T21:57:50.057499+00:00,50,659,651,8,surface_finish,minor,False
496,484,2023-07-14T21:59:25.938699+00:00,38,94,94,0,,minor,False
497,485,2023-03-08T09:52:15.776641+00:00,27,323,321,2,surface_finish,minor,False
498,486,2021-05-31T02:38:34.366554+00:00,24,416,408,8,assembly_error,minor,False
499,487,2021-11-08T18:49:00.536273+00:00,31,89,89,0,,minor,False
500,488,2023-10-04T20:11:59.143658+00:00,36,128,109,19,dimensional,major,False
501,489,2023-08-19T03:58:59.488408+00:00,21,137,135,2,material_flaw,minor,False
502,490,2023-11-03T08:52:55.383890+00:00,1,143,143,0,,minor,False
503,491,2021-09-12T04:32:24.240906+00:00,3,145,106,39,surface_finish,critical,False
504,492,2021-09-26T22:39:58.433707+00:00,13,411,409,2,assembly_error,minor,False
505,493,2022-06-22T22:28:35.349188+00:00,45,381,377,4,assembly_error,minor,False
506,494,2022-01-28T13:27:47.439976+00:00,41,272,270,2,material_flaw,minor,False
507,495,2022-01-17T18:21:10.926312+00:00,39,371,367,4,assembly_error,minor,False
508,496,2022-09-28T16:52:31.138435+00:00,36,66,65,1,surface_finish,minor,False
509,497,2023-10-29T19:11:57.769100+00:00,49,107,72,35,material_flaw,critical,False
510,497,2023-10-29T20:36:36.988367+00:00,26,221,145,76,dimensional,critical,False
511,498,2021-08-20T00:34:17.758964+00:00,12,422,420,2,dimensional,minor,False
512,499,2021-12-03T00:20:49.486069+00:00,48,208,206,2,surface_finish,minor,False
513,500,2023-07-15T19:46:04.331715+00:00,19,184,184,0,,minor,False
